{
  "matrixA": [
    [ 6.7, 1.16, 0.91, 1.18 ],
    [ 1.16, 3.72, 1.30, 0.16 ],
    [ 0.91, 1.30, 5.88, 2.10 ],
    [ 1.18, 0.16, 2.10, 5.66 ]
  ],
  "eigenvalues": [2.6275, 4.28711, 5.75395, 9.29144],
  "t": 4,
  "k": -3,
  "a": 0.44,
  "b": -0.06,
  "g": -0.06,
  "d": 0.06
}