{
  "quadraticCoeffs": {
    "1": {
      "x": [0.5],
      "A": [2]
    },
    "2": {
      "x": [-0.5773503, 0.5773503],
      "A": [1, 1]
    },
    "3": {
      "x": [-0.7745967, 0, 0.7745967],
      "A": [0.5555556, 0.8888889, 0.5555556]
    },
    "4": {
      "x": [-0.8611363, -0.3399810, 0.3399810, 0.8611363],
      "A": [0.3478548, 0.6521451, 0.6521451, 0.3478548]
    },
    "5": {
      "x": [-0.9061798, -0.5384693, 0, 0.5384693, 0.9061798],
      "A": [0.4786287, 0.2369269, 0.5688888, 0.2369269, 0.4786287]
    },
    "6": {
      "x": [-0.9324700, -0.6612094, -0.2386142, 0.2386142, 0.6612094, 0.9324700],
      "A": [0.1713245, 0.3607616, 0.4679140, 0.4679140, 0.3607616, 0.1713245]
    }
  }
}