{
  "interval": [-0.7, 1.2],
  "iterTrapezium": 477,
  "iterSimpson": 53,
  "iterGauss": 9,
  "quadraticCoeffs": {
    "1": {
      "x": [0],
      "A": [2]
    },
    "2": {
      "x": [0.577350269189626],
      "A": [1]
    },
    "3": {
      "x": [0.774596669241, 0],
      "A": [0.555555555555556, 0.888888888888889]
    },
    "4": {
      "x": [0.861136311594053, 0.339981043584856],
      "A": [0.347854845137454, 0.652145154862546]
    },
    "5": {
      "x": [0.906179845938664, 0.538469310105683, 0],
      "A": [0.236926885056189, 0.478628670499366, 0.568888888888889]
    },
    "6": {
      "x": [0.932469514203152, 0.661209386466265, 0.238619186083197],
      "A": [0.17132449237917, 0.360761573048139, 0.467913934572691]
    },
    "7": {
      "x": [0.949107912342759, 0.741531185599394, 0.405845151377397, 0],
      "A": [0.12948496616887, 0.279705391489277, 0.381830050505119, 0.417959183673469]
    },
    "8": {
      "x": [0.960289856497536, 0.796666477413627, 0.525532409916329, 0.18343464249565],
      "A": [0.101228536290376, 0.222381034453374, 0.313706645877887, 0.362683783378362]
    },
    "9": {
      "x": [0.968160239507626, 0.836031107326636, 0.61337143270059, 0.324253423403809, 0],
      "A": [0.081274388361574, 0.180648160694857, 0.260610696402935, 0.312347077040003, 0.33023935500126]
    },
    "10": {
      "x": [0.973906528517172, 0.865063366688985, 0.679409568299024, 0.433395394129247, 0.148874338981631],
      "A": [0.066671344308688, 0.149451349150581, 0.219086362515982, 0.269266719309996, 0.295524224714753]
    }
  }
}